{
  "city": "C",
  "total_rows": 14475147,
  "num_unique_uids": 25000,
  "rows_by_day_sample": {
    "1": 168075,
    "2": 152153,
    "3": 199290,
    "4": 180824,
    "5": 174445,
    "6": 177052,
    "7": 179695,
    "8": 156317,
    "9": 132606,
    "10": 174642
  },
  "days_total": 75,
  "total_masked": 294627,
  "total_unmasked": 14180520,
  "days61_75": {
    "total_rows": 3248335,
    "masked": 294627,
    "unmasked": 2953708
  },
  "target_range": {
    "range": [
      22001,
      25000
    ],
    "users_present_in_data": 3000,
    "stats": {
      "num_users": 3000,
      "train_rows": {
        "count": 3000,
        "min": 201.0,
        "max": 2001.0,
        "mean": 404.255,
        "median": 366.0,
        "p10": 246.0,
        "p25": 295.0,
        "p75": 468.0,
        "p90": 606.0
      },
      "test_total": {
        "count": 3000,
        "min": 51.0,
        "max": 308.0,
        "mean": 98.209,
        "median": 89.0,
        "p10": 59.0,
        "p25": 70.0,
        "p75": 115.0,
        "p90": 150.0
      },
      "test_masked": {
        "count": 3000,
        "min": 51.0,
        "max": 308.0,
        "mean": 98.209,
        "median": 89.0,
        "p10": 59.0,
        "p25": 70.0,
        "p75": 115.0,
        "p90": 150.0
      },
      "test_unmasked": {
        "count": 3000,
        "min": 0.0,
        "max": 0.0,
        "mean": 0.0,
        "median": 0.0,
        "p10": 0.0,
        "p25": 0.0,
        "p75": 0.0,
        "p90": 0.0
      },
      "total_rows": {
        "count": 3000,
        "min": 252.0,
        "max": 2065.0,
        "mean": 502.464,
        "median": 461.0,
        "p10": 325.0,
        "p25": 382.0,
        "p75": 578.0,
        "p90": 728.0999999999999
      },
      "mask_density_stats": {
        "count": 3000,
        "min": 1.0,
        "max": 1.0,
        "mean": 1.0,
        "median": 1.0,
        "p10": 1.0,
        "p25": 1.0,
        "p75": 1.0,
        "p90": 1.0
      },
      "users_with_unmasked_test_rows": 0
    }
  },
  "non_target": {
    "users_present_in_data": 22000,
    "stats": {
      "num_users": 22000,
      "train_rows": {
        "count": 22000,
        "min": 201.0,
        "max": 2430.0,
        "mean": 455.1839545454545,
        "median": 405.0,
        "p10": 255.0,
        "p25": 314.0,
        "p75": 537.0,
        "p90": 716.0
      },
      "test_total": {
        "count": 22000,
        "min": 51.0,
        "max": 705.0,
        "mean": 134.25945454545456,
        "median": 119.0,
        "p10": 72.0,
        "p25": 90.0,
        "p75": 163.0,
        "p90": 216.0
      },
      "test_masked": {
        "count": 22000,
        "min": 0.0,
        "max": 0.0,
        "mean": 0.0,
        "median": 0.0,
        "p10": 0.0,
        "p25": 0.0,
        "p75": 0.0,
        "p90": 0.0
      },
      "test_unmasked": {
        "count": 22000,
        "min": 51.0,
        "max": 705.0,
        "mean": 134.25945454545456,
        "median": 119.0,
        "p10": 72.0,
        "p25": 90.0,
        "p75": 163.0,
        "p90": 216.0
      },
      "total_rows": {
        "count": 22000,
        "min": 252.0,
        "max": 3061.0,
        "mean": 589.4434090909091,
        "median": 528.0,
        "p10": 351.0,
        "p25": 419.0,
        "p75": 687.0,
        "p90": 908.0
      },
      "mask_density_stats": {
        "count": 22000,
        "min": 0.0,
        "max": 0.0,
        "mean": 0.0,
        "median": 0.0,
        "p10": 0.0,
        "p25": 0.0,
        "p75": 0.0,
        "p90": 0.0
      },
      "users_with_unmasked_test_rows": 22000
    }
  },
  "distinct_cells_per_user": "COMPUTE_DISTINCT_CELLS=False (skipped)"
}