{
  "city": "D",
  "total_rows": 12030078,
  "num_unique_uids": 20000,
  "rows_by_day_sample": {
    "1": 141518,
    "2": 130468,
    "3": 165046,
    "4": 148527,
    "5": 144737,
    "6": 146490,
    "7": 147025,
    "8": 129202,
    "9": 111918,
    "10": 140164
  },
  "days_total": 75,
  "total_masked": 309413,
  "total_unmasked": 11720665,
  "days61_75": {
    "total_rows": 2671295,
    "masked": 309413,
    "unmasked": 2361882
  },
  "target_range": {
    "range": [
      17001,
      20000
    ],
    "users_present_in_data": 3000,
    "stats": {
      "num_users": 3000,
      "train_rows": {
        "count": 3000,
        "min": 201.0,
        "max": 1695.0,
        "mean": 419.065,
        "median": 384.0,
        "p10": 253.0,
        "p25": 307.75,
        "p75": 485.0,
        "p90": 621.0
      },
      "test_total": {
        "count": 3000,
        "min": 51.0,
        "max": 345.0,
        "mean": 103.13766666666666,
        "median": 96.0,
        "p10": 63.0,
        "p25": 77.0,
        "p75": 122.0,
        "p90": 150.0
      },
      "test_masked": {
        "count": 3000,
        "min": 51.0,
        "max": 345.0,
        "mean": 103.13766666666666,
        "median": 96.0,
        "p10": 63.0,
        "p25": 77.0,
        "p75": 122.0,
        "p90": 150.0
      },
      "test_unmasked": {
        "count": 3000,
        "min": 0.0,
        "max": 0.0,
        "mean": 0.0,
        "median": 0.0,
        "p10": 0.0,
        "p25": 0.0,
        "p75": 0.0,
        "p90": 0.0
      },
      "total_rows": {
        "count": 3000,
        "min": 255.0,
        "max": 1939.0,
        "mean": 522.2026666666667,
        "median": 486.0,
        "p10": 336.90000000000003,
        "p25": 396.0,
        "p75": 598.0,
        "p90": 742.0
      },
      "mask_density_stats": {
        "count": 3000,
        "min": 1.0,
        "max": 1.0,
        "mean": 1.0,
        "median": 1.0,
        "p10": 1.0,
        "p25": 1.0,
        "p75": 1.0,
        "p90": 1.0
      },
      "users_with_unmasked_test_rows": 0
    }
  },
  "non_target": {
    "users_present_in_data": 17000,
    "stats": {
      "num_users": 17000,
      "train_rows": {
        "count": 17000,
        "min": 201.0,
        "max": 2468.0,
        "mean": 476.564,
        "median": 428.0,
        "p10": 265.0,
        "p25": 332.0,
        "p75": 565.0,
        "p90": 738.0
      },
      "test_total": {
        "count": 17000,
        "min": 51.0,
        "max": 711.0,
        "mean": 138.93423529411766,
        "median": 126.0,
        "p10": 76.0,
        "p25": 96.0,
        "p75": 167.0,
        "p90": 215.0
      },
      "test_masked": {
        "count": 17000,
        "min": 0.0,
        "max": 0.0,
        "mean": 0.0,
        "median": 0.0,
        "p10": 0.0,
        "p25": 0.0,
        "p75": 0.0,
        "p90": 0.0
      },
      "test_unmasked": {
        "count": 17000,
        "min": 51.0,
        "max": 711.0,
        "mean": 138.93423529411766,
        "median": 126.0,
        "p10": 76.0,
        "p25": 96.0,
        "p75": 167.0,
        "p90": 215.0
      },
      "total_rows": {
        "count": 17000,
        "min": 252.0,
        "max": 3128.0,
        "mean": 615.4982352941176,
        "median": 556.0,
        "p10": 366.0,
        "p25": 441.0,
        "p75": 722.0,
        "p90": 931.0
      },
      "mask_density_stats": {
        "count": 17000,
        "min": 0.0,
        "max": 0.0,
        "mean": 0.0,
        "median": 0.0,
        "p10": 0.0,
        "p25": 0.0,
        "p75": 0.0,
        "p90": 0.0
      },
      "users_with_unmasked_test_rows": 17000
    }
  },
  "distinct_cells_per_user": "COMPUTE_DISTINCT_CELLS=False (skipped)"
}